{"cameraMode":{"drawMode":0,"name":"Shaded","section":"Shading Mode"},"sceneLighting":true,"audioPlay":false,"sceneViewState":{"showFog":true,"showMaterialUpdate":false,"showSkybox":true,"showFlares":true,"showImageEffects":true,"showParticleSystems":true,"showVisualEffectGraphs":true,"m_FxEnabled":true},"in2DMode":false,"pivot":{"x":1150.5711669921875,"y":528.0036010742188,"z":-37.78857421875},"rotation":{"x":-0.00006194522575242445,"y":0.9994142651557922,"z":-0.0018087675562128425,"w":-0.03419237956404686},"size":511.96319580078127,"orthographic":false}